arm,evidence_layer,k,eta_task_SE,eta_task_SB,Delta_sel_task,signed_Delta_task_over_eta_task_SE,abs_Delta_task_over_eta_task_SE,Delta_sel_B,R_B,label,presentation_note
R0,RETROSPECTIVE_ANCHOR_CONTEXT,4,0.3448614933871695,0.05394057207649597,-0.2909209213106735,-0.8435877211262379,0.8435877211262379,0.3605112357641962,0.003414723578631249,DENOMINATOR_SELECTIVE_REVERSAL,R0 discovery-conditioned anchor; not prospective architecture/seed evidence.
R0,RETROSPECTIVE_ANCHOR_CONTEXT,8,0.37270766908286573,0.060537385459386604,-0.31217028362347915,-0.8375740815627621,0.8375740815627621,0.34801134590581845,0.0047493201776433085,DENOMINATOR_SELECTIVE_REVERSAL,R0 discovery-conditioned anchor; not prospective architecture/seed evidence.
R0,RETROSPECTIVE_ANCHOR_CONTEXT,16,0.37824815658491223,0.07288629355739658,-0.30536186302751567,-0.8073056212210926,0.8073056212210926,0.3518548450266504,0.007362023443070938,DENOMINATOR_SELECTIVE_REVERSAL,R0 discovery-conditioned anchor; not prospective architecture/seed evidence.
R0,RETROSPECTIVE_ANCHOR_CONTEXT,32,0.4058868482048357,0.09443349067222336,-0.3114533575326124,-0.7673403533770911,0.7673403533770911,0.3585399362970424,0.01341607089719173,DENOMINATOR_SELECTIVE_REVERSAL,R0 discovery-conditioned anchor; not prospective architecture/seed evidence.
PV-A,FULLY_PROSPECTIVE_VITB_SEED123,4,0.21015485581299143,0.03990030448713357,-0.17025455132585787,-0.8101385555295507,0.8101385555295507,0.20145559364556243,0.008803716536936158,DENOMINATOR_SELECTIVE_REVERSAL,
PV-A,FULLY_PROSPECTIVE_VITB_SEED123,8,0.25364472387577924,0.04780659962335792,-0.20583812425242132,-0.8115214111578726,0.8115214111578726,0.22091371297796983,0.01079064847874711,DENOMINATOR_SELECTIVE_REVERSAL,
PV-A,FULLY_PROSPECTIVE_VITB_SEED123,16,0.2965905293383704,0.06776390223205389,-0.2288266271063165,-0.7715237152608326,0.7715237152608326,0.2679056049060435,0.01494408232757318,DENOMINATOR_SELECTIVE_REVERSAL,
PV-A,FULLY_PROSPECTIVE_VITB_SEED123,32,0.34550279390890437,0.10489244843307,-0.24061034547583438,-0.6964063669461207,0.6964063669461207,0.3380499884965494,0.023976046333782666,DENOMINATOR_SELECTIVE_REVERSAL,
PV-B1,FULLY_PROSPECTIVE_VITS_SEED42,4,0.14482851094074004,0.1543878548729009,0.009559343932160874,0.0660045723736834,0.0660045723736834,0.2378711325493793,0.14059148871948632,NORMALIZED_AND_TASK_GAIN_SAME_DIRECTION,
PV-B1,FULLY_PROSPECTIVE_VITS_SEED42,8,0.16602286145553874,0.19104422229590645,0.025021360840367712,0.15071033363118178,0.15071033363118178,0.2609418174811452,0.14858146621131416,NORMALIZED_AND_TASK_GAIN_SAME_DIRECTION,
PV-B1,FULLY_PROSPECTIVE_VITS_SEED42,16,0.2239546134226032,0.24131651234651322,0.01736189892391002,0.07752418518455813,0.07752418518455813,0.2986740457306462,0.15317982345484796,NORMALIZED_AND_TASK_GAIN_SAME_DIRECTION,
PV-B1,FULLY_PROSPECTIVE_VITS_SEED42,32,0.29252476267909094,0.3343295147176797,0.041804752038588744,0.14291013060131905,0.14291013060131905,0.3415598975757125,0.2175009479606192,NORMALIZED_AND_TASK_GAIN_SAME_DIRECTION,
PV-B2,FULLY_PROSPECTIVE_VITS_SEED123,4,0.17916094312503214,0.18581003405733185,0.006649090932299706,0.037112390771795976,0.037112390771795976,0.24127018053573507,0.23154072562145364,NORMALIZED_AND_TASK_GAIN_SAME_DIRECTION,
PV-B2,FULLY_PROSPECTIVE_VITS_SEED123,8,0.21475566511504735,0.22690895913165735,0.01215329401661,0.056591261562759364,0.056591261562759364,0.28496828040317224,0.23254121812992057,NORMALIZED_AND_TASK_GAIN_SAME_DIRECTION,
PV-B2,FULLY_PROSPECTIVE_VITS_SEED123,16,0.23813925272000067,0.2688847403125055,0.03074548759250481,0.12910718095120058,0.12910718095120058,0.30486894945831244,0.2798713643949023,NORMALIZED_AND_TASK_GAIN_SAME_DIRECTION,
PV-B2,FULLY_PROSPECTIVE_VITS_SEED123,32,0.307603714684058,0.35585800917560395,0.048254294491545946,0.15687162471723815,0.15687162471723815,0.33981214593891795,0.3525838811551333,NORMALIZED_AND_TASK_GAIN_SAME_DIRECTION,
PV-C,PROSPECTIVE_STRESS_CASE_SINGLETON,4,0.185579506814046,0.18335613025232214,-0.002223376561723861,-0.011980722440176136,0.011980722440176136,0.29014875973004123,0.21030943931425675,DENOMINATOR_SELECTIVE_REVERSAL,"Single checkpoint stress case; dataset, input/tokenization, sequence length and positional dimension change together."
PV-C,PROSPECTIVE_STRESS_CASE_SINGLETON,8,0.20677837076389813,0.19287504122257818,-0.013903329541319953,-0.0672378329027214,0.0672378329027214,0.3176668261750929,0.19946234263215515,DENOMINATOR_SELECTIVE_REVERSAL,"Single checkpoint stress case; dataset, input/tokenization, sequence length and positional dimension change together."
PV-C,PROSPECTIVE_STRESS_CASE_SINGLETON,16,0.22079581315237123,0.19247632666536763,-0.02831948648700361,-0.1282609759790161,0.1282609759790161,0.29935042061556927,0.220919077218763,DENOMINATOR_SELECTIVE_REVERSAL,"Single checkpoint stress case; dataset, input/tokenization, sequence length and positional dimension change together."
PV-C,PROSPECTIVE_STRESS_CASE_SINGLETON,32,0.2549498972658737,0.20374148155849295,-0.051208415707380744,-0.20085678110306596,0.20085678110306596,0.2865479901419773,0.25788768877140406,DENOMINATOR_SELECTIVE_REVERSAL,"Single checkpoint stress case; dataset, input/tokenization, sequence length and positional dimension change together."
